<?xml version="1.0" encoding="UTF-8" standalone="yes"?>
<!-- ======================================================================= -->
<!--                                                                         -->
<!--                 s y s t e m - a c t i o n s . x m l                     -->
<!--                                                                         -->
<!-- ======================================================================= -->

<!--
     This file gathers the classes to be loaded as UI actions.
     This class collection can be augmented by classes in user-actions.xml file
     
     The order of menus in the menu bar are predefined, but the order of items
     within a section depends on this.
     -->
     
<actions>
    
    <action domain="FILE" section="10" class="omr.sheet.ui.SheetActions" method="openImageFile"                                           button="javax.swing.JButton"/>
    <action domain="FILE" section="20" class="omr.script.ScriptActions"  method="loadScript"/>
    <action domain="FILE" section="20" class="omr.script.ScriptActions"  method="storeScript"/>
    <action domain="FILE" section="20" class="omr.script.ScriptActions"  method="storeScriptAs"/>
    <action domain="FILE" section="30" class="omr.sheet.ui.SheetActions" method="zoomWidth"                                               button="javax.swing.JButton"/>
    <action domain="FILE" section="30" class="omr.sheet.ui.SheetActions" method="zoomHeight"                                              button="javax.swing.JButton"/>
    <action domain="FILE" section="40" class="omr.sheet.ui.SheetActions" method="plotScale"/>
    <action domain="FILE" section="60" class="omr.sheet.ui.SheetActions" method="removeSheet"/>
    <action domain="FILE" section="65" class="omr.sheet.ui.SheetActions" method="closeScore"/>
    <action domain="FILE" section="70" class="omr.ui.GuiActions"         method="exit"/>

    <action domain="SCORE" section="10" class="omr.score.ui.ScoreActions" method="buildScore"                                             button="javax.swing.JButton"/>
    <action domain="SCORE" section="10" class="omr.score.ui.ScoreActions" method="toggleRebuild"    item="javax.swing.JCheckBoxMenuItem" />
    <action domain="SCORE" section="20" class="omr.score.ui.ScoreActions" method="defineParameters"                                       button="javax.swing.JButton"/>
    <action domain="SCORE" section="30" class="omr.score.ui.ScoreActions" method="writeSheetPdf"                                          button="javax.swing.JButton"/>
    <action domain="SCORE" section="30" class="omr.score.ui.ScoreActions" method="writeSheetPdfAs"/>
    <action domain="SCORE" section="40" class="omr.score.ui.ScoreActions" method="storeScore"                                             button="javax.swing.JButton"/>
    <action domain="SCORE" section="40" class="omr.score.ui.ScoreActions" method="storeScoreAs"/>
<!--    
    <action domain="MIDI" section="20"  class="omr.score.midi.MidiActions" method="playMidi"                                              button="javax.swing.JButton"/>
    <action domain="MIDI" section="30"  class="omr.score.midi.MidiActions" method="writeMidi" />
    <action domain="MIDI" section="30"  class="omr.score.midi.MidiActions" method="writeMidiAs" />
-->
    <action domain="VIEW" section="10"  class="omr.score.ui.PaintingParameters"               method="switchLayers"  button="javax.swing.JButton"/>
    <action domain="VIEW" section="10"  class="omr.score.ui.PaintingParameters"               method="toggleAnnotations" item="javax.swing.JCheckBoxMenuItem"/>
    <action domain="VIEW" section="20"  class="omr.score.ui.PaintingParameters"               method="toggleSlots"    item="javax.swing.JCheckBoxMenuItem"/>
    <action domain="VIEW" section="20"  class="omr.score.ui.PaintingParameters"               method="toggleVoices"   item="javax.swing.JCheckBoxMenuItem" button="javax.swing.JToggleButton" />
    <action domain="VIEW" section="20"  class="omr.score.ui.PaintingParameters"               method="toggleMarks"    item="javax.swing.JCheckBoxMenuItem"/>
    <action domain="VIEW" section="30"  class="omr.glyph.ui.ViewParameters"                   method="toggleLines"    item="javax.swing.JCheckBoxMenuItem"/>
    <action domain="VIEW" section="30"  class="omr.glyph.ui.ViewParameters"                   method="toggleLetters"  item="javax.swing.JCheckBoxMenuItem"/>
    <action domain="VIEW" section="30"  class="omr.glyph.ui.ViewParameters"                   method="toggleAttachments" item="javax.swing.JCheckBoxMenuItem"/>
    <action domain="VIEW" section="30"  class="omr.glyph.ui.ViewParameters"                   method="toggleTranslations" item="javax.swing.JCheckBoxMenuItem"/>
    <action domain="VIEW" section="30"  class="omr.glyph.ui.ViewParameters"                   method="toggleSections" item="javax.swing.JCheckBoxMenuItem" button="javax.swing.JToggleButton" />
    <action domain="VIEW" section="50"  class="omr.ui.GuiActions"                             method="toggleBoards"   item="javax.swing.JCheckBoxMenuItem"/>
    <action domain="VIEW" section="50"  class="omr.ui.GuiActions"                             method="toggleLog"      item="javax.swing.JCheckBoxMenuItem"/>
    <action domain="VIEW" section="50"  class="omr.ui.GuiActions"                             method="toggleErrors"   item="javax.swing.JCheckBoxMenuItem"/>
    <action domain="VIEW" section="50"  class="omr.ui.GuiActions"                             method="clearLog" button="javax.swing.JButton"/>

    <action domain="TOOL" section="10"  class="omr.score.ui.ScoreActions" method="togglePersist"    item="javax.swing.JCheckBoxMenuItem"/>
    <action domain="TOOL" section="10"  class="omr.sheet.ui.SheetActions" method="recordGlyphs" />
    <action domain="TOOL" section="10"  class="omr.ui.GuiActions"         method="verifyTrainingMaterial" />
    <action domain="TOOL" section="10"  class="omr.ui.GuiActions"         method="launchTrainer" />
    <action domain="TOOL" section="20"  class="omr.ui.GuiActions" method="defineShapeColors" />
    <action domain="TOOL" section="40"  class="omr.ui.GuiActions" method="showMemory" />
    <action domain="TOOL" section="40"  class="omr.ui.GuiActions" method="defineOptions" />

    <action domain="PLUGIN" section="10" class="omr.plugin.PluginsManager" method="invokeDefaultPlugin" button="javax.swing.JButton" />

    <action domain="DEBUG" section="30" class="omr.score.ui.ScoreActions" method="browseScore"/>
    
    <action domain="HELP" section="20"  class="omr.ui.GuiActions" method="showManual" />
    <action domain="HELP" section="20"  class="omr.ui.GuiActions" method="visitWebSite" />
    <action domain="HELP" section="40"  class="omr.ui.GuiActions" method="showAbout" />

</actions>
